John,Doe,555-1234
Jane,Smith,555-5678
Michael,Johnson,555-8765
Emily,Williams,555-2345
Robert,Brown,555-7890
Amanda,Jones,555-4321
David,Miller,555-0987
Olivia,Davis,555-3456
Daniel,Garcia,555-6543
Sophia,Rodriguez,555-2109
Matthew,Martinez,555-7891
Isabella,Lopez,555-1098
Christopher,Hernandez,555-4567
Mia,Martinez,555-8901
Andrew,Smith,555-3456
Emma,Johnson,555-6789
Ethan,Jones,555-2345
Madison,Taylor,555-9012
Jackson,White,555-5678
Ava,Martin,555-4321
Noah,Clark,555-7890
Abigail,Robinson,555-2109
Liam,Thomas,555-6543
Ella,Lewis,555-1234
Logan,Hall,555-8901
Grace,Lopez,555-4567
Nathan,Baker,555-0987
Sofia,Hill,555-7891
James,Young,555-3456
Lily,Green,555-6789
Benjamin,Cooper,555-2345
Chloe,Ward,555-9012
Henry,Reed,555-4321
Zoe,Morris,555-2109
Carter,King,555-5678
Scarlett,Watson,555-6543
Jack,Hughes,555-7890
Riley,Fisher,555-0987
Madeline,Gray,555-4567
Leo,Campbell,555-8901
Evelyn,Wright,555-1234
Gabriel,Russell,555-6789
Avery,Ferguson,555-9012
Madison,McCarthy,555-3456
Lucas,Richards,555-5678
Aubrey,Turner,555-2345
Dylan,Coleman,555-8901
Brooklyn,Murray,555-6789
Jackson,Watkins,555-4321
Stella,Harrison,555-7890
Alexander,Reyes,555-6543
Penelope,Fisher,555-2109
Mason,Smith,555-7891
Harper,Jackson,555-4567
Sebastian,Gomez,555-0987
Ella,Morrison,555-5678
Wyatt,Palmer,555-1234
Addison,Watson,555-8901
Grayson,Young,555-6789
Aria,Fisher,555-9012
Daniel,Adams,555-2109
Luna,Martin,555-6543
Isaac,Campbell,555-5678
Ariana,Hill,555-0987
Caleb,Reed,555-3456
Gianna,Lewis,555-7890
Owen,Cooper,555-2345
Amelia,Ward,555-6789
Nicholas,Ferguson,555-4321
Aaliyah,Turner,555-9012
Elijah,Watkins,555-5678
Layla,Harrison,555-2109
Johnathan,Murray,555-1234
Natalie,Reyes,555-7891
Luke,Palmer,555-4567
Lillian,Watson,555-0987
Josiah,Young,555-6789
Savannah,Fisher,555-9012
Anthony,Adams,555-6543
Addison,Martin,555-2109
Austin,Campbell,555-5678
Aubrey,Hill,555-8901
Levi,Reed,555-1234
Hannah,Lewis,555-4567
Miles,Cooper,555-7890
Autumn,Ward,555-0987
David,Ferguson,555-9012
Victoria,Turner,555-2345
Gabriel,Watkins,555-5678
Maya,Harrison,555-6789

